End,Name,Count_x,Count_y,result
2023-12-14,Milk,10,10.0,1.0
2023-11-6,Персик,21,44.2,0.4751131221719457
2024-2-8,Персик,19,44.2,0.42986425339366513
2024-10-9,Персик,3,44.2,0.06787330316742081
2024-7-28,Персик,1,44.2,0.02262443438914027
2024-11-17,Персик,69,44.2,1.5610859728506787
2023-1-26,Персик,16,44.2,0.36199095022624433
2023-8-14,Персик,47,44.2,1.0633484162895928
2024-8-5,Персик,13,44.2,0.2941176470588235
2023-2-6,Персик,91,44.2,2.0588235294117645
2023-3-21,Персик,64,44.2,1.4479638009049773
2024-1-13,Персик,83,44.2,1.8778280542986425
2023-11-17,Персик,13,44.2,0.2941176470588235
2024-4-19,Персик,84,44.2,1.9004524886877827
2024-3-28,Персик,30,44.2,0.6787330316742081
2023-11-12,Персик,69,44.2,1.5610859728506787
2023-7-28,Персик,56,44.2,1.2669683257918551
2024-6-25,Персик,15,44.2,0.33936651583710403
2024-5-25,Персик,84,44.2,1.9004524886877827
2023-1-15,Персик,80,44.2,1.8099547511312215
2024-1-3,Персик,26,44.2,0.588235294117647
2023-4-5,Лук,98,58.8,1.6666666666666667
2023-11-3,Лук,78,58.8,1.326530612244898
2024-3-10,Лук,46,58.8,0.7823129251700681
2024-3-9,Лук,59,58.8,1.0034013605442178
2024-2-16,Лук,22,58.8,0.3741496598639456
2023-10-10,Лук,16,58.8,0.272108843537415
2023-3-21,Лук,41,58.8,0.6972789115646258
2023-9-26,Лук,71,58.8,1.207482993197279
2023-4-12,Лук,99,58.8,1.683673469387755
2024-11-25,Лук,84,58.8,1.4285714285714286
2023-9-20,Лук,53,58.8,0.9013605442176871
2023-2-24,Лук,67,58.8,1.1394557823129252
2024-8-25,Лук,52,58.8,0.8843537414965987
2023-5-12,Лук,8,58.8,0.1360544217687075
2024-2-18,Лук,88,58.8,1.4965986394557824
2024-6-18,Редис,33,50.17391304347826,0.6577123050259965
2024-7-4,Редис,22,50.17391304347826,0.43847487001733104
2023-6-7,Редис,66,50.17391304347826,1.315424610051993
2023-4-21,Редис,86,50.17391304347826,1.714038128249567
2024-2-26,Редис,99,50.17391304347826,1.9731369150779896
2024-2-4,Редис,14,50.17391304347826,0.2790294627383016
2024-11-24,Редис,64,50.17391304347826,1.2755632582322358
2023-8-12,Редис,37,50.17391304347826,0.7374350086655113
2023-9-1,Редис,91,50.17391304347826,1.8136915077989602
2024-3-14,Редис,71,50.17391304347826,1.4150779896013865
2023-6-21,Редис,58,50.17391304347826,1.1559792027729636
2023-7-20,Редис,61,50.17391304347826,1.2157712305025998
2023-3-11,Редис,6,50.17391304347826,0.1195840554592721
2024-11-24,Редис,99,50.17391304347826,1.9731369150779896
2023-1-25,Редис,47,50.17391304347826,0.9367417677642982
2024-9-28,Редис,90,50.17391304347826,1.7937608318890816
2023-5-13,Редис,45,50.17391304347826,0.8968804159445408
2024-1-12,Редис,15,50.17391304347826,0.2989601386481803
2024-5-18,Редис,32,50.17391304347826,0.6377816291161179
2023-10-24,Редис,27,50.17391304347826,0.5381282495667244
2024-2-22,Редис,25,50.17391304347826,0.4982668977469671
2023-7-2,Редис,38,50.17391304347826,0.75736568457539
2024-10-20,Редис,28,50.17391304347826,0.5580589254766032
2023-3-5,Помидоры,21,49.96,0.42033626901521215
2023-3-8,Помидоры,59,49.96,1.1809447558046438
2023-8-20,Помидоры,87,49.96,1.7413931144915933
2023-4-5,Помидоры,5,49.96,0.100080064051241
2024-4-10,Помидоры,3,49.96,0.0600480384307446
2023-9-24,Помидоры,21,49.96,0.42033626901521215
2023-2-25,Помидоры,71,49.96,1.421136909527622
2024-5-22,Помидоры,86,49.96,1.721377101681345
2023-6-24,Помидоры,96,49.96,1.9215372297838271
2023-9-8,Помидоры,68,49.96,1.3610888710968774
2023-2-9,Помидоры,83,49.96,1.6613290632506004
2023-6-22,Помидоры,6,49.96,0.1200960768614892
2023-7-17,Помидоры,91,49.96,1.821457165732586
2024-2-12,Помидоры,33,49.96,0.6605284227381906
2024-5-6,Помидоры,60,49.96,1.200960768614892
2023-8-4,Помидоры,87,49.96,1.7413931144915933
2024-7-7,Помидоры,42,49.96,0.8406725380304243
2023-5-6,Помидоры,64,49.96,1.2810248198558847
2024-10-16,Помидоры,0,49.96,0.0
2023-1-27,Помидоры,79,49.96,1.5812650120096077
2024-8-13,Помидоры,11,49.96,0.2201761409127302
2024-10-24,Помидоры,6,49.96,0.1200960768614892
2023-10-17,Помидоры,71,49.96,1.421136909527622
2023-7-27,Помидоры,25,49.96,0.500400320256205
2023-11-12,Помидоры,74,49.96,1.4811849479583667
2024-5-14,Сахар,9,50.142857142857146,0.1794871794871795
2023-7-22,Сахар,68,50.142857142857146,1.3561253561253561
2024-5-20,Сахар,83,50.142857142857146,1.655270655270655
2024-7-23,Сахар,98,50.142857142857146,1.9544159544159543
2023-1-11,Сахар,86,50.142857142857146,1.715099715099715
2023-1-18,Сахар,90,50.142857142857146,1.7948717948717947
2023-3-23,Сахар,80,50.142857142857146,1.5954415954415953
2023-4-17,Сахар,9,50.142857142857146,0.1794871794871795
2023-2-4,Сахар,3,50.142857142857146,0.059829059829059825
2024-7-21,Сахар,44,50.142857142857146,0.8774928774928774
2024-2-9,Сахар,46,50.142857142857146,0.9173789173789173
2024-7-21,Сахар,85,50.142857142857146,1.695156695156695
2024-11-28,Сахар,3,50.142857142857146,0.059829059829059825
2023-9-18,Сахар,16,50.142857142857146,0.3190883190883191
2024-3-13,Сахар,41,50.142857142857146,0.8176638176638176
2024-5-4,Сахар,41,50.142857142857146,0.8176638176638176
2023-6-15,Сахар,59,50.142857142857146,1.1766381766381766
2024-2-25,Сахар,38,50.142857142857146,0.7578347578347578
2023-3-20,Сахар,13,50.142857142857146,0.25925925925925924
2024-8-20,Сахар,92,50.142857142857146,1.8347578347578346
2023-7-14,Сахар,49,50.142857142857146,0.9772079772079771
2023-3-18,Апельсин,62,47.73684210526316,1.298787210584344
2024-9-3,Апельсин,48,47.73684210526316,1.0055126791620728
2024-1-18,Апельсин,44,47.73684210526316,0.9217199558985667
2024-1-15,Апельсин,39,47.73684210526316,0.8169790518191842
2023-6-17,Апельсин,61,47.73684210526316,1.2778390297684674
2023-8-27,Апельсин,87,47.73684210526316,1.822491730981257
2023-3-25,Апельсин,82,47.73684210526316,1.7177508269018744
2024-4-11,Апельсин,61,47.73684210526316,1.2778390297684674
2024-11-26,Апельсин,52,47.73684210526316,1.0893054024255788
2023-2-22,Апельсин,45,47.73684210526316,0.9426681367144433
2023-4-7,Апельсин,17,47.73684210526316,0.35611907386990077
2023-9-15,Апельсин,34,47.73684210526316,0.7122381477398015
2023-9-7,Апельсин,44,47.73684210526316,0.9217199558985667
2024-2-11,Апельсин,84,47.73684210526316,1.7596471885336273
2024-7-8,Апельсин,1,47.73684210526316,0.020948180815876516
2023-4-8,Апельсин,43,47.73684210526316,0.9007717750826902
2024-7-23,Апельсин,13,47.73684210526316,0.2723263506063947
2023-5-3,Апельсин,55,47.73684210526316,1.1521499448732084
2023-6-19,Апельсин,35,47.73684210526316,0.7331863285556781
2024-1-11,Мед,59,52.904761904761905,1.1152115211521152
2024-9-20,Мед,11,52.904761904761905,0.2079207920792079
2024-6-11,Мед,55,52.904761904761905,1.0396039603960396
2023-4-11,Мед,99,52.904761904761905,1.8712871287128712
2024-7-4,Мед,49,52.904761904761905,0.9261926192619262
2024-1-9,Мед,6,52.904761904761905,0.11341134113411341
2023-10-12,Мед,13,52.904761904761905,0.24572457245724572
2023-4-7,Мед,10,52.904761904761905,0.18901890189018902
2023-5-10,Мед,43,52.904761904761905,0.8127812781278128
2023-11-5,Мед,25,52.904761904761905,0.47254725472547254
2023-5-6,Мед,49,52.904761904761905,0.9261926192619262
2024-7-7,Мед,98,52.904761904761905,1.8523852385238524
2023-10-25,Мед,84,52.904761904761905,1.5877587758775877
2023-10-19,Мед,94,52.904761904761905,1.7767776777677768
2023-10-5,Мед,62,52.904761904761905,1.171917191719172
2024-1-3,Мед,89,52.904761904761905,1.6822682268226823
2023-3-5,Мед,21,52.904761904761905,0.39693969396939693
2024-3-6,Мед,70,52.904761904761905,1.323132313231323
2023-9-11,Мед,46,52.904761904761905,0.8694869486948695
2023-8-10,Мед,42,52.904761904761905,0.7938793879387939
2024-11-12,Мед,86,52.904761904761905,1.6255625562556255
2024-9-13,Сосиски,34,60.529411764705884,0.5617103984450923
2023-2-15,Сосиски,31,60.529411764705884,0.5121477162293488
2024-6-4,Сосиски,24,60.529411764705884,0.3965014577259475
2024-5-25,Сосиски,99,60.529411764705884,1.6355685131195334
2024-10-12,Сосиски,62,60.529411764705884,1.0242954324586977
2024-9-25,Сосиски,90,60.529411764705884,1.4868804664723032
2023-1-20,Сосиски,17,60.529411764705884,0.28085519922254615
2023-5-16,Сосиски,44,60.529411764705884,0.7269193391642371
2024-11-26,Сосиски,87,60.529411764705884,1.4373177842565596
2024-7-5,Сосиски,15,60.529411764705884,0.24781341107871718
2023-9-6,Сосиски,87,60.529411764705884,1.4373177842565596
2024-1-28,Сосиски,62,60.529411764705884,1.0242954324586977
2024-4-18,Сосиски,69,60.529411764705884,1.1399416909620992
2023-2-25,Сосиски,66,60.529411764705884,1.0903790087463556
2023-5-14,Сосиски,87,60.529411764705884,1.4373177842565596
2024-8-24,Сосиски,77,60.529411764705884,1.2721088435374148
2024-2-28,Сосиски,78,60.529411764705884,1.2886297376093294
2023-8-19,Сырокопчености,66,48.47826086956522,1.3614349775784753
2023-3-21,Сырокопчености,8,48.47826086956522,0.16502242152466368
2023-2-14,Сырокопчености,15,48.47826086956522,0.3094170403587444
2023-11-27,Сырокопчености,90,48.47826086956522,1.8565022421524664
2024-8-15,Сырокопчености,46,48.47826086956522,0.9488789237668162
2024-4-7,Сырокопчености,71,48.47826086956522,1.4645739910313902
2024-10-13,Сырокопчености,70,48.47826086956522,1.4439461883408071
2024-8-5,Сырокопчености,78,48.47826086956522,1.6089686098654707
2023-6-18,Сырокопчености,97,48.47826086956522,2.000896860986547
2024-2-16,Сырокопчености,84,48.47826086956522,1.7327354260089685
2024-7-9,Сырокопчености,51,48.47826086956522,1.052017937219731
2023-3-14,Сырокопчености,24,48.47826086956522,0.49506726457399103
2024-6-9,Сырокопчености,14,48.47826086956522,0.28878923766816145
2024-8-19,Сырокопчености,21,48.47826086956522,0.4331838565022421
2023-3-14,Сырокопчености,9,48.47826086956522,0.18565022421524663
2023-9-5,Сырокопчености,98,48.47826086956522,2.02152466367713
2023-4-9,Сырокопчености,22,48.47826086956522,0.4538116591928251
2024-7-12,Сырокопчености,27,48.47826086956522,0.5569506726457399
2024-3-15,Сырокопчености,57,48.47826086956522,1.1757847533632286
2023-5-25,Сырокопчености,58,48.47826086956522,1.1964125560538117
2023-6-25,Сырокопчености,6,48.47826086956522,0.12376681614349776
2023-3-1,Сырокопчености,72,48.47826086956522,1.485201793721973
2023-1-5,Сырокопчености,31,48.47826086956522,0.6394618834080718
2024-8-17,Морковь,8,51.68421052631579,0.15478615071283097
2023-2-13,Морковь,28,51.68421052631579,0.5417515274949084
2023-1-23,Морковь,86,51.68421052631579,1.663951120162933
2024-8-21,Морковь,83,51.68421052631579,1.6059063136456213
2024-8-27,Морковь,2,51.68421052631579,0.03869653767820774
2024-5-16,Морковь,26,51.68421052631579,0.5030549898167006
2024-9-21,Морковь,16,51.68421052631579,0.30957230142566194
2024-1-22,Морковь,83,51.68421052631579,1.6059063136456213
2024-10-8,Морковь,88,51.68421052631579,1.7026476578411407
2024-9-14,Морковь,40,51.68421052631579,0.7739307535641549
2024-7-10,Морковь,81,51.68421052631579,1.5672097759674135
2023-11-11,Морковь,50,51.68421052631579,0.9674134419551935
2023-11-17,Морковь,10,51.68421052631579,0.19348268839103872
2023-5-21,Морковь,97,51.68421052631579,1.8767820773930755
2024-3-27,Морковь,33,51.68421052631579,0.6384928716904277
2024-6-6,Морковь,99,51.68421052631579,1.9154786150712833
2024-7-22,Морковь,67,51.68421052631579,1.2963340122199594
2024-11-28,Морковь,44,51.68421052631579,0.8513238289205703
2023-1-2,Морковь,41,51.68421052631579,0.7932790224032586
2024-4-26,Мука,14,49.96,0.28022417934347477
2023-7-10,Мука,68,49.96,1.3610888710968774
2024-10-6,Мука,7,49.96,0.14011208967173738
2023-10-4,Мука,63,49.96,1.2610088070456364
2023-3-7,Мука,83,49.96,1.6613290632506004
2024-3-15,Мука,60,49.96,1.200960768614892
2024-6-26,Мука,95,49.96,1.901521216973579
2023-10-6,Мука,87,49.96,1.7413931144915933
2024-10-25,Мука,36,49.96,0.7205764611689351
2024-1-28,Мука,27,49.96,0.5404323458767013
2023-1-17,Мука,97,49.96,1.9415532425940751
2024-6-28,Мука,92,49.96,1.8414731785428342
2023-10-16,Мука,29,49.96,0.5804643714971978
2023-10-2,Мука,57,49.96,1.1409127301841473
2024-11-6,Мука,19,49.96,0.38030424339471575
2023-2-11,Мука,77,49.96,1.5412329863891112
2024-11-14,Мука,47,49.96,0.9407526020816653
2023-2-23,Мука,53,49.96,1.0608486789431546
2023-9-27,Мука,56,49.96,1.120896717373899
2023-2-19,Мука,25,49.96,0.500400320256205
2024-8-8,Мука,3,49.96,0.0600480384307446
2023-4-7,Мука,26,49.96,0.5204163330664532
2023-3-8,Мука,27,49.96,0.5404323458767013
2023-8-15,Мука,27,49.96,0.5404323458767013
2023-7-4,Мука,74,49.96,1.4811849479583667
2023-8-26,Йогурт,11,52.857142857142854,0.20810810810810812
2024-8-12,Йогурт,84,52.857142857142854,1.5891891891891894
2023-5-20,Йогурт,62,52.857142857142854,1.172972972972973
2023-5-4,Йогурт,83,52.857142857142854,1.5702702702702704
2023-10-14,Йогурт,46,52.857142857142854,0.8702702702702704
2024-6-11,Йогурт,84,52.857142857142854,1.5891891891891894
2024-2-21,Йогурт,10,52.857142857142854,0.1891891891891892
2023-5-4,Йогурт,20,52.857142857142854,0.3783783783783784
2023-1-2,Йогурт,79,52.857142857142854,1.4945945945945946
2024-5-8,Йогурт,96,52.857142857142854,1.8162162162162163
2024-2-20,Йогурт,41,52.857142857142854,0.7756756756756757
2024-1-17,Йогурт,2,52.857142857142854,0.03783783783783784
2023-4-20,Йогурт,36,52.857142857142854,0.6810810810810811
2023-3-17,Йогурт,86,52.857142857142854,1.627027027027027
2024-6-5,Молоко,44,58.642857142857146,0.7503045066991474
2023-5-19,Молоко,69,58.642857142857146,1.176613885505481
2023-9-4,Молоко,60,58.642857142857146,1.0231425091352009
2023-4-15,Молоко,44,58.642857142857146,0.7503045066991474
2023-8-4,Молоко,19,58.642857142857146,0.32399512789281365
2024-5-6,Молоко,95,58.642857142857146,1.619975639464068
2023-3-17,Молоко,95,58.642857142857146,1.619975639464068
2023-2-8,Молоко,7,58.642857142857146,0.11936662606577345
2023-10-11,Молоко,45,58.642857142857146,0.7673568818514007
2023-10-23,Молоко,68,58.642857142857146,1.1595615103532277
2024-7-4,Молоко,64,58.642857142857146,1.0913520097442144
2023-6-11,Молоко,65,58.642857142857146,1.1084043848964678
2024-4-28,Молоко,49,58.642857142857146,0.835566382460414
2023-10-20,Молоко,97,58.642857142857146,1.6540803897685747
2023-2-13,Груша,48,48.26315789473684,0.9945474372955289
2023-7-23,Груша,2,48.26315789473684,0.04143947655398037
2023-11-14,Груша,94,48.26315789473684,1.9476553980370774
2024-5-3,Груша,43,48.26315789473684,0.8909487459105779
2024-4-5,Груша,72,48.26315789473684,1.4918211559432932
2024-11-16,Груша,27,48.26315789473684,0.559432933478735
2023-4-7,Груша,83,48.26315789473684,1.7197382769901854
2024-2-10,Груша,34,48.26315789473684,0.7044711014176663
2024-3-9,Груша,37,48.26315789473684,0.7666303162486369
2024-7-12,Груша,80,48.26315789473684,1.6575790621592148
2024-1-13,Груша,3,48.26315789473684,0.062159214830970554
2024-7-24,Груша,51,48.26315789473684,1.0567066521264994
2024-1-8,Груша,44,48.26315789473684,0.9116684841875682
2024-6-25,Груша,18,48.26315789473684,0.3729552889858233
2023-9-15,Груша,80,48.26315789473684,1.6575790621592148
2023-11-16,Груша,14,48.26315789473684,0.2900763358778626
2024-11-1,Груша,59,48.26315789473684,1.222464558342421
2024-1-7,Груша,66,48.26315789473684,1.3675027262813522
2023-9-23,Груша,62,48.26315789473684,1.2846237731733914
2024-2-24,Колбаса,34,45.0,0.7555555555555555
2024-7-3,Колбаса,16,45.0,0.35555555555555557
2024-1-19,Колбаса,40,45.0,0.8888888888888888
2024-8-23,Колбаса,41,45.0,0.9111111111111111
2023-9-23,Колбаса,70,45.0,1.5555555555555556
2024-2-15,Колбаса,21,45.0,0.4666666666666667
2024-1-26,Колбаса,4,45.0,0.08888888888888889
2024-6-4,Колбаса,25,45.0,0.5555555555555556
2024-6-19,Колбаса,55,45.0,1.2222222222222223
2024-2-24,Колбаса,79,45.0,1.7555555555555555
2024-7-16,Колбаса,23,45.0,0.5111111111111111
2023-8-26,Колбаса,80,45.0,1.7777777777777777
2024-10-6,Колбаса,97,45.0,2.1555555555555554
2023-1-9,Рис,71,58.4,1.2157534246575343
2023-8-15,Рис,63,58.4,1.0787671232876712
2023-5-7,Рис,11,58.4,0.18835616438356165
2024-8-10,Рис,59,58.4,1.0102739726027397
2023-6-5,Рис,85,58.4,1.4554794520547945
2024-11-16,Рис,51,58.4,0.8732876712328768
2023-1-11,Рис,51,58.4,0.8732876712328768
2023-4-11,Рис,92,58.4,1.5753424657534247
2023-1-18,Рис,9,58.4,0.1541095890410959
2024-2-13,Рис,82,58.4,1.404109589041096
2024-4-9,Рис,21,58.4,0.3595890410958904
2023-2-2,Рис,74,58.4,1.2671232876712328
2023-7-12,Рис,92,58.4,1.5753424657534247
2024-6-14,Рис,87,58.4,1.4897260273972603
2023-6-24,Рис,28,58.4,0.4794520547945206
2023-2-17,Чай,10,39.94444444444444,0.25034770514603616
2023-3-28,Чай,25,39.94444444444444,0.6258692628650905
2023-7-10,Чай,7,39.94444444444444,0.17524339360222532
2023-4-10,Чай,4,39.94444444444444,0.10013908205841447
2023-9-8,Чай,85,39.94444444444444,2.1279554937413074
2023-3-16,Чай,21,39.94444444444444,0.525730180806676
2023-11-23,Чай,94,39.94444444444444,2.35326842837274
2024-6-11,Чай,5,39.94444444444444,0.12517385257301808
2023-10-4,Чай,75,39.94444444444444,1.8776077885952713
2024-8-27,Чай,3,39.94444444444444,0.07510431154381085
2024-3-28,Чай,55,39.94444444444444,1.376912378303199
2023-1-6,Чай,39,39.94444444444444,0.9763560500695411
2023-7-26,Чай,83,39.94444444444444,2.0778859527121
2023-3-15,Чай,58,39.94444444444444,1.4520166898470097
2024-4-13,Чай,76,39.94444444444444,1.902642559109875
2023-2-19,Чай,43,39.94444444444444,1.0764951321279554
2024-7-4,Чай,10,39.94444444444444,0.25034770514603616
2024-6-19,Чай,26,39.94444444444444,0.650904033379694
2023-9-10,Сметана,0,57.57142857142857,0.0
2024-9-24,Сметана,24,57.57142857142857,0.41687344913151364
2023-6-26,Сметана,35,57.57142857142857,0.6079404466501241
2023-9-24,Сметана,72,57.57142857142857,1.250620347394541
2023-1-1,Сметана,56,57.57142857142857,0.9727047146401986
2023-5-6,Сметана,66,57.57142857142857,1.1464019851116625
2023-2-28,Сметана,86,57.57142857142857,1.4937965260545907
2023-3-23,Сметана,85,57.57142857142857,1.4764267990074442
2023-5-1,Сметана,59,57.57142857142857,1.0248138957816377
2024-6-7,Сметана,65,57.57142857142857,1.1290322580645162
2024-4-20,Сметана,90,57.57142857142857,1.5632754342431763
2023-3-7,Сметана,96,57.57142857142857,1.6674937965260546
2023-1-17,Сметана,39,57.57142857142857,0.6774193548387097
2023-11-9,Сметана,33,57.57142857142857,0.5732009925558312
2023-3-28,Лимон,20,45.8235294117647,0.43645699614890887
2023-8-22,Лимон,80,45.8235294117647,1.7458279845956355
2023-11-6,Лимон,10,45.8235294117647,0.21822849807445444
2024-2-9,Лимон,64,45.8235294117647,1.3966623876765085
2023-5-21,Лимон,88,45.8235294117647,1.920410783055199
2024-4-6,Лимон,84,45.8235294117647,1.8331193838254174
2023-1-7,Лимон,38,45.8235294117647,0.8292682926829269
2024-4-18,Лимон,6,45.8235294117647,0.13093709884467267
2024-4-23,Лимон,33,45.8235294117647,0.7201540436456997
2023-6-6,Лимон,47,45.8235294117647,1.0256739409499358
2023-10-27,Лимон,87,45.8235294117647,1.8985879332477535
2024-10-13,Лимон,2,45.8235294117647,0.04364569961489089
2023-9-25,Лимон,2,45.8235294117647,0.04364569961489089
2024-1-10,Лимон,93,45.8235294117647,2.0295250320924265
2023-8-11,Лимон,73,45.8235294117647,1.5930680359435174
2024-11-6,Лимон,47,45.8235294117647,1.0256739409499358
2023-4-19,Лимон,5,45.8235294117647,0.10911424903722722
2024-4-24,Абрикос,87,57.80952380952381,1.5049423393739703
2023-7-28,Абрикос,60,57.80952380952381,1.0378912685337727
2023-1-5,Абрикос,51,57.80952380952381,0.8822075782537068
2024-11-26,Абрикос,25,57.80952380952381,0.43245469522240526
2024-10-5,Абрикос,24,57.80952380952381,0.41515650741350907
2024-4-26,Абрикос,62,57.80952380952381,1.0724876441515652
2024-1-5,Абрикос,76,57.80952380952381,1.314662273476112
2024-4-4,Абрикос,72,57.80952380952381,1.2454695222405272
2023-10-6,Абрикос,21,57.80952380952381,0.36326194398682043
2024-4-17,Абрикос,49,57.80952380952381,0.8476112026359143
2023-8-2,Абрикос,97,57.80952380952381,1.6779242174629325
2023-6-20,Абрикос,33,57.80952380952381,0.570840197693575
2023-9-19,Абрикос,94,57.80952380952381,1.6260296540362438
2024-7-27,Абрикос,98,57.80952380952381,1.6952224052718285
2023-2-24,Абрикос,71,57.80952380952381,1.228171334431631
2023-2-7,Абрикос,23,57.80952380952381,0.3978583196046128
2024-1-14,Абрикос,92,57.80952380952381,1.5914332784184513
2024-11-26,Абрикос,21,57.80952380952381,0.36326194398682043
2023-4-8,Абрикос,35,57.80952380952381,0.6054365733113674
2023-9-22,Абрикос,45,57.80952380952381,0.7784184514003295
2024-3-13,Абрикос,78,57.80952380952381,1.3492586490939045
2023-2-8,Фасоль,0,52.80952380952381,0.0
2024-8-28,Фасоль,20,52.80952380952381,0.3787195671776375
2024-4-9,Фасоль,46,52.80952380952381,0.8710550045085662
2023-10-23,Фасоль,86,52.80952380952381,1.6284941388638412
2023-4-8,Фасоль,26,52.80952380952381,0.49233543733092877
2023-3-21,Фасоль,66,52.80952380952381,1.2497745716862039
2023-10-12,Фасоль,61,52.80952380952381,1.1550946798917945
2024-9-13,Фасоль,46,52.80952380952381,0.8710550045085662
2023-11-11,Фасоль,89,52.80952380952381,1.685302073940487
2024-1-25,Фасоль,89,52.80952380952381,1.685302073940487
2024-5-17,Фасоль,35,52.80952380952381,0.6627592425608656
2024-4-28,Фасоль,40,52.80952380952381,0.757439134355275
2023-1-4,Фасоль,87,52.80952380952381,1.6474301172227233
2024-1-12,Фасоль,64,52.80952380952381,1.21190261496844
2024-11-18,Фасоль,69,52.80952380952381,1.3065825067628494
2024-9-23,Фасоль,38,52.80952380952381,0.7195671776375112
2023-10-25,Фасоль,32,52.80952380952381,0.60595130748422
2023-5-19,Фасоль,48,52.80952380952381,0.90892696122633
2024-8-20,Фасоль,71,52.80952380952381,1.344454463480613
2024-9-10,Фасоль,86,52.80952380952381,1.6284941388638412
2024-1-8,Фасоль,10,52.80952380952381,0.18935978358881875
2023-4-6,Яблоко,47,53.15384615384615,0.8842257597684515
2023-9-17,Яблоко,38,53.15384615384615,0.7149059334298119
2023-10-10,Яблоко,78,53.15384615384615,1.467438494934877
2023-7-1,Яблоко,43,53.15384615384615,0.808972503617945
2024-5-6,Яблоко,73,53.15384615384615,1.373371924746744
2024-6-23,Яблоко,77,53.15384615384615,1.4486251808972503
2023-6-13,Яблоко,85,53.15384615384615,1.5991316931982633
2023-7-9,Яблоко,50,53.15384615384615,0.9406657018813314
2023-1-23,Яблоко,76,53.15384615384615,1.4298118668596238
2024-2-4,Яблоко,36,53.15384615384615,0.6772793053545586
2023-6-6,Яблоко,18,53.15384615384615,0.3386396526772793
2024-8-27,Яблоко,13,53.15384615384615,0.24457308248914617
2024-10-12,Яблоко,57,53.15384615384615,1.0723589001447178
2024-2-13,Мороженое,3,57.333333333333336,0.05232558139534883
2024-6-20,Мороженое,64,57.333333333333336,1.1162790697674418
2023-7-24,Мороженое,23,57.333333333333336,0.4011627906976744
2023-2-27,Мороженое,86,57.333333333333336,1.5
2023-6-9,Мороженое,1,57.333333333333336,0.01744186046511628
2023-4-19,Мороженое,76,57.333333333333336,1.3255813953488371
2024-11-3,Мороженое,38,57.333333333333336,0.6627906976744186
2024-6-13,Мороженое,57,57.333333333333336,0.9941860465116279
2024-6-8,Мороженое,97,57.333333333333336,1.691860465116279
2024-9-11,Мороженое,92,57.333333333333336,1.6046511627906976
2023-9-13,Мороженое,19,57.333333333333336,0.3313953488372093
2023-5-24,Мороженое,83,57.333333333333336,1.447674418604651
2023-11-1,Мороженое,51,57.333333333333336,0.8895348837209301
2024-9-9,Мороженое,83,57.333333333333336,1.447674418604651
2024-7-23,Мороженое,18,57.333333333333336,0.313953488372093
2024-2-7,Мороженое,76,57.333333333333336,1.3255813953488371
2024-1-4,Мороженое,70,57.333333333333336,1.2209302325581395
2024-1-10,Мороженое,19,57.333333333333336,0.3313953488372093
2023-10-9,Мороженое,18,57.333333333333336,0.313953488372093
2024-9-3,Мороженое,83,57.333333333333336,1.447674418604651
2024-7-5,Мороженое,98,57.333333333333336,1.7093023255813953
2024-10-26,Мороженое,50,57.333333333333336,0.872093023255814
2023-8-15,Мороженое,77,57.333333333333336,1.3430232558139534
2024-2-12,Мороженое,94,57.333333333333336,1.6395348837209303
2023-1-28,Смородина,60,55.38095238095238,1.0834049871023217
2024-1-2,Смородина,41,55.38095238095238,0.7403267411865865
2023-9-12,Смородина,78,55.38095238095238,1.408426483233018
2024-3-18,Смородина,53,55.38095238095238,0.9570077386070508
2023-6-11,Смородина,40,55.38095238095238,0.7222699914015477
2024-6-13,Смородина,49,55.38095238095238,0.884780739466896
2023-2-26,Смородина,32,55.38095238095238,0.5778159931212382
2024-4-21,Смородина,81,55.38095238095238,1.4625967325881342
2023-10-1,Смородина,91,55.38095238095238,1.643164230438521
2024-7-12,Смородина,25,55.38095238095238,0.4514187446259673
2023-1-9,Смородина,7,55.38095238095238,0.12639724849527084
2024-5-27,Смородина,88,55.38095238095238,1.588993981083405
2023-11-9,Смородина,99,55.38095238095238,1.7876182287188307
2024-3-13,Смородина,86,55.38095238095238,1.5528804815133277
2023-9-10,Смородина,14,55.38095238095238,0.2527944969905417
2023-5-28,Смородина,51,55.38095238095238,0.9208942390369733
2024-1-28,Смородина,52,55.38095238095238,0.9389509888220121
2023-5-13,Смородина,76,55.38095238095238,1.3723129836629406
2024-11-28,Смородина,68,55.38095238095238,1.2278589853826312
2024-9-1,Смородина,46,55.38095238095238,0.8306104901117799
2023-9-5,Смородина,26,55.38095238095238,0.46947549441100606
2024-2-9,Клубника,40,51.578947368421055,0.7755102040816326
2024-8-27,Клубника,4,51.578947368421055,0.07755102040816327
2023-9-26,Клубника,54,51.578947368421055,1.046938775510204
2023-3-11,Клубника,71,51.578947368421055,1.376530612244898
2023-9-20,Клубника,64,51.578947368421055,1.2408163265306122
2023-7-23,Клубника,20,51.578947368421055,0.3877551020408163
2023-6-2,Клубника,88,51.578947368421055,1.7061224489795919
2024-3-19,Клубника,31,51.578947368421055,0.6010204081632653
2023-9-14,Клубника,37,51.578947368421055,0.7173469387755101
2024-8-2,Клубника,18,51.578947368421055,0.34897959183673466
2023-2-23,Клубника,84,51.578947368421055,1.6285714285714286
2024-9-23,Клубника,83,51.578947368421055,1.6091836734693876
2023-9-18,Клубника,46,51.578947368421055,0.8918367346938775
2023-4-22,Клубника,20,51.578947368421055,0.3877551020408163
2023-3-26,Клубника,42,51.578947368421055,0.8142857142857143
2024-8-18,Клубника,66,51.578947368421055,1.279591836734694
2024-1-2,Клубника,56,51.578947368421055,1.0857142857142856
2023-8-18,Клубника,88,51.578947368421055,1.7061224489795919
2024-3-19,Клубника,68,51.578947368421055,1.3183673469387756
2023-3-4,Зеленый горошек,32,44.083333333333336,0.7258979206049149
2023-8-18,Зеленый горошек,78,44.083333333333336,1.76937618147448
2023-8-4,Зеленый горошек,12,44.083333333333336,0.2722117202268431
2024-2-15,Зеленый горошек,39,44.083333333333336,0.88468809073724
2023-3-10,Зеленый горошек,80,44.083333333333336,1.8147448015122873
2023-5-23,Зеленый горошек,19,44.083333333333336,0.4310018903591682
2023-5-14,Зеленый горошек,99,44.083333333333336,2.2457466918714553
2023-1-11,Зеленый горошек,62,44.083333333333336,1.4064272211720226
2024-4-10,Зеленый горошек,12,44.083333333333336,0.2722117202268431
2024-2-18,Зеленый горошек,21,44.083333333333336,0.4763705103969754
2023-2-6,Зеленый горошек,38,44.083333333333336,0.8620037807183364
2023-6-8,Зеленый горошек,37,44.083333333333336,0.8393194706994328
2024-10-28,Баклажан,75,42.9,1.7482517482517483
2023-11-4,Баклажан,42,42.9,0.9790209790209791
2024-6-21,Баклажан,15,42.9,0.34965034965034963
2024-4-9,Баклажан,89,42.9,2.0745920745920747
2023-4-28,Баклажан,44,42.9,1.0256410256410258
2023-11-12,Баклажан,27,42.9,0.6293706293706294
2024-2-20,Баклажан,33,42.9,0.7692307692307693
2023-2-27,Баклажан,19,42.9,0.4428904428904429
2023-8-28,Баклажан,57,42.9,1.3286713286713288
2023-2-19,Баклажан,30,42.9,0.6993006993006993
2024-2-26,Баклажан,16,42.9,0.372960372960373
2024-2-17,Баклажан,83,42.9,1.9347319347319347
2023-7-22,Баклажан,26,42.9,0.6060606060606061
2024-3-14,Баклажан,33,42.9,0.7692307692307693
2023-6-18,Баклажан,2,42.9,0.046620046620046623
2023-10-14,Баклажан,41,42.9,0.9557109557109558
2024-7-19,Баклажан,48,42.9,1.118881118881119
2023-1-19,Баклажан,23,42.9,0.5361305361305362
2023-4-13,Баклажан,85,42.9,1.9813519813519813
2023-9-5,Баклажан,70,42.9,1.6317016317016317
2024-6-8,Творог,69,47.94117647058823,1.4392638036809817
2024-6-1,Творог,42,47.94117647058823,0.8760736196319019
2023-10-5,Творог,86,47.94117647058823,1.7938650306748467
2023-5-19,Творог,8,47.94117647058823,0.1668711656441718
2023-2-8,Творог,91,47.94117647058823,1.8981595092024541
2023-8-10,Творог,65,47.94117647058823,1.3558282208588959
2023-2-27,Творог,13,47.94117647058823,0.2711656441717792
2024-2-4,Творог,44,47.94117647058823,0.9177914110429448
2023-2-27,Творог,47,47.94117647058823,0.9803680981595093
2024-5-25,Творог,53,47.94117647058823,1.105521472392638
2024-8-2,Творог,61,47.94117647058823,1.2723926380368098
2024-5-8,Творог,87,47.94117647058823,1.8147239263803683
2024-7-18,Творог,6,47.94117647058823,0.12515337423312883
2024-10-10,Творог,11,47.94117647058823,0.2294478527607362
2023-8-24,Творог,65,47.94117647058823,1.3558282208588959
2024-10-6,Творог,67,47.94117647058823,1.3975460122699388
2023-4-23,Творог,0,47.94117647058823,0.0
2024-9-10,Картофель,46,52.666666666666664,0.8734177215189873
2023-5-17,Картофель,85,52.666666666666664,1.6139240506329116
2023-11-28,Картофель,8,52.666666666666664,0.1518987341772152
2024-10-13,Картофель,84,52.666666666666664,1.5949367088607596
2023-6-23,Картофель,43,52.666666666666664,0.8164556962025317
2023-4-22,Картофель,87,52.666666666666664,1.6518987341772153
2023-10-2,Картофель,67,52.666666666666664,1.2721518987341773
2023-7-22,Картофель,31,52.666666666666664,0.5886075949367089
2023-2-17,Картофель,16,52.666666666666664,0.3037974683544304
2023-1-9,Картофель,63,52.666666666666664,1.1962025316455698
2024-8-4,Картофель,23,52.666666666666664,0.43670886075949367
2024-4-23,Картофель,97,52.666666666666664,1.8417721518987342
2024-8-13,Картофель,74,52.666666666666664,1.4050632911392407
2023-10-2,Картофель,24,52.666666666666664,0.4556962025316456
2023-5-9,Картофель,70,52.666666666666664,1.3291139240506329
2024-8-26,Картофель,94,52.666666666666664,1.7848101265822787
2024-9-21,Картофель,22,52.666666666666664,0.4177215189873418
2023-9-26,Картофель,14,52.666666666666664,0.2658227848101266
2024-1-17,Чеснок,85,49.588235294117645,1.7141162514827997
2024-10-3,Чеснок,61,49.588235294117645,1.2301304863582445
2023-7-18,Чеснок,52,49.588235294117645,1.0486358244365361
2024-7-10,Чеснок,83,49.588235294117645,1.6737841043890866
2023-7-8,Чеснок,54,49.588235294117645,1.0889679715302492
2024-3-6,Чеснок,5,49.588235294117645,0.10083036773428233
2023-5-4,Чеснок,58,49.588235294117645,1.169632265717675
2024-1-13,Чеснок,79,49.588235294117645,1.5931198102016608
2023-8-1,Чеснок,13,49.588235294117645,0.26215895610913403
2024-4-24,Чеснок,2,49.588235294117645,0.04033214709371293
2023-6-19,Чеснок,26,49.588235294117645,0.5243179122182681
2023-7-3,Чеснок,3,49.588235294117645,0.060498220640569395
2023-11-7,Чеснок,97,49.588235294117645,1.9561091340450771
2023-5-17,Чеснок,95,49.588235294117645,1.9157769869513643
2023-8-4,Чеснок,32,49.588235294117645,0.6453143534994069
2024-11-3,Чеснок,65,49.588235294117645,1.3107947805456703
2023-1-12,Чеснок,33,49.588235294117645,0.6654804270462634
2024-2-21,Милкис,29,49.78947368421053,0.5824524312896405
2024-7-28,Милкис,88,49.78947368421053,1.7674418604651163
2024-1-19,Милкис,50,49.78947368421053,1.0042283298097252
2024-8-2,Милкис,92,49.78947368421053,1.8477801268498943
2024-6-25,Милкис,42,49.78947368421053,0.8435517970401691
2023-10-11,Милкис,46,49.78947368421053,0.9238900634249472
2023-10-6,Милкис,25,49.78947368421053,0.5021141649048626
2023-11-19,Милкис,45,49.78947368421053,0.9038054968287527
2023-8-26,Милкис,23,49.78947368421053,0.4619450317124736
2024-10-25,Милкис,34,49.78947368421053,0.6828752642706131
2024-4-11,Милкис,69,49.78947368421053,1.3858350951374208
2024-5-6,Милкис,41,49.78947368421053,0.8234672304439746
2023-5-14,Милкис,20,49.78947368421053,0.40169133192389006
2023-7-1,Милкис,51,49.78947368421053,1.0243128964059196
2023-1-5,Милкис,79,49.78947368421053,1.5866807610993656
2024-8-3,Милкис,57,49.78947368421053,1.1448202959830867
2024-5-9,Милкис,4,49.78947368421053,0.080338266384778
2024-2-13,Милкис,66,49.78947368421053,1.3255813953488371
2023-4-8,Милкис,85,49.78947368421053,1.7071881606765327
2024-8-22,Яйца,30,62.4375,0.4804804804804805
2023-11-5,Яйца,7,62.4375,0.11211211211211211
2024-7-11,Яйца,88,62.4375,1.4094094094094094
2023-6-10,Яйца,83,62.4375,1.3293293293293293
2023-5-16,Яйца,8,62.4375,0.12812812812812813
2023-10-25,Яйца,88,62.4375,1.4094094094094094
2024-7-5,Яйца,40,62.4375,0.6406406406406406
2024-11-18,Яйца,70,62.4375,1.1211211211211212
2023-1-16,Яйца,76,62.4375,1.2172172172172173
2023-9-20,Яйца,72,62.4375,1.1531531531531531
2023-6-8,Яйца,81,62.4375,1.2972972972972974
2023-3-14,Яйца,81,62.4375,1.2972972972972974
2024-11-7,Яйца,88,62.4375,1.4094094094094094
2023-3-4,Яйца,26,62.4375,0.4164164164164164
2023-8-25,Яйца,90,62.4375,1.4414414414414414
2024-8-16,Яйца,71,62.4375,1.137137137137137
2023-6-15,Кофе,94,57.588235294117645,1.6322778345250255
2023-7-22,Кофе,14,57.588235294117645,0.24310520939734423
2023-3-10,Кофе,6,57.588235294117645,0.1041879468845761
2023-11-16,Кофе,14,57.588235294117645,0.24310520939734423
2024-1-13,Кофе,84,57.588235294117645,1.4586312563840653
2024-7-23,Кофе,18,57.588235294117645,0.31256384065372833
2024-8-1,Кофе,97,57.588235294117645,1.6843718079673136
2023-3-18,Кофе,21,57.588235294117645,0.36465781409601633
2024-11-22,Кофе,76,57.588235294117645,1.3197139938712974
2024-11-27,Кофе,86,57.588235294117645,1.4933605720122574
2024-6-27,Кофе,97,57.588235294117645,1.6843718079673136
2023-5-21,Кофе,7,57.588235294117645,0.12155260469867211
2024-7-15,Кофе,88,57.588235294117645,1.5280898876404494
2023-4-5,Кофе,82,57.588235294117645,1.4239019407558733
2023-5-25,Кофе,53,57.588235294117645,0.9203268641470889
2023-6-27,Кофе,59,57.588235294117645,1.024514811031665
2024-9-12,Кофе,83,57.588235294117645,1.4412665985699693
2024-3-2,Сливки,88,53.4,1.647940074906367
2023-3-15,Сливки,48,53.4,0.898876404494382
2023-10-26,Сливки,46,53.4,0.8614232209737828
2023-7-4,Сливки,3,53.4,0.056179775280898875
2023-3-1,Сливки,87,53.4,1.6292134831460674
2024-11-27,Сливки,24,53.4,0.449438202247191
2023-9-28,Сливки,47,53.4,0.8801498127340824
2023-2-3,Сливки,99,53.4,1.853932584269663
2023-11-7,Сливки,97,53.4,1.8164794007490637
2024-9-22,Сливки,47,53.4,0.8801498127340824
2024-7-12,Сливки,77,53.4,1.4419475655430711
2023-1-20,Сливки,13,53.4,0.24344569288389514
2023-10-27,Сливки,19,53.4,0.3558052434456929
2023-7-5,Сливки,65,53.4,1.2172284644194757
2024-11-17,Сливки,41,53.4,0.7677902621722846
2024-11-8,Слива,85,50.526315789473685,1.6822916666666667
2023-9-11,Слива,90,50.526315789473685,1.78125
2023-3-14,Слива,0,50.526315789473685,0.0
2023-8-11,Слива,98,50.526315789473685,1.9395833333333332
2024-4-16,Слива,57,50.526315789473685,1.128125
2023-8-21,Слива,86,50.526315789473685,1.7020833333333334
2023-7-16,Слива,46,50.526315789473685,0.9104166666666667
2023-5-4,Слива,31,50.526315789473685,0.6135416666666667
2024-3-16,Слива,77,50.526315789473685,1.5239583333333333
2024-11-23,Слива,50,50.526315789473685,0.9895833333333334
2023-6-24,Слива,19,50.526315789473685,0.37604166666666666
2024-5-19,Слива,66,50.526315789473685,1.30625
2024-8-3,Слива,38,50.526315789473685,0.7520833333333333
2023-4-19,Слива,25,50.526315789473685,0.4947916666666667
2024-9-13,Слива,6,50.526315789473685,0.11875
2023-10-9,Слива,84,50.526315789473685,1.6624999999999999
2024-5-2,Слива,8,50.526315789473685,0.15833333333333333
2023-7-6,Слива,11,50.526315789473685,0.21770833333333334
2023-6-5,Слива,83,50.526315789473685,1.6427083333333332
2023-5-18,Перец,9,54.526315789473685,0.16505791505791506
2023-4-21,Перец,62,54.526315789473685,1.1370656370656371
2023-10-26,Перец,83,54.526315789473685,1.5222007722007722
2023-11-22,Перец,68,54.526315789473685,1.247104247104247
2024-3-17,Перец,60,54.526315789473685,1.1003861003861004
2023-4-6,Перец,84,54.526315789473685,1.5405405405405406
2024-7-16,Перец,37,54.526315789473685,0.6785714285714286
2023-1-23,Перец,25,54.526315789473685,0.45849420849420847
2023-5-20,Перец,96,54.526315789473685,1.7606177606177607
2023-2-17,Перец,97,54.526315789473685,1.778957528957529
2023-8-11,Перец,40,54.526315789473685,0.7335907335907336
2023-1-9,Перец,15,54.526315789473685,0.2750965250965251
2023-4-8,Перец,78,54.526315789473685,1.4305019305019304
2024-3-12,Перец,98,54.526315789473685,1.7972972972972974
2024-1-24,Перец,46,54.526315789473685,0.8436293436293436
2024-8-12,Перец,27,54.526315789473685,0.4951737451737452
2023-5-1,Перец,14,54.526315789473685,0.25675675675675674
2023-11-11,Перец,54,54.526315789473685,0.9903474903474904
2023-5-13,Перец,43,54.526315789473685,0.7886100386100386
2024-11-27,Ветчина,68,69.86666666666666,0.9732824427480917
2023-11-18,Ветчина,97,69.86666666666666,1.3883587786259544
2024-6-1,Ветчина,83,69.86666666666666,1.1879770992366414
2024-1-4,Ветчина,82,69.86666666666666,1.1736641221374047
2023-7-13,Ветчина,46,69.86666666666666,0.6583969465648856
2024-7-9,Ветчина,67,69.86666666666666,0.9589694656488551
2024-11-22,Ветчина,72,69.86666666666666,1.0305343511450382
2024-5-9,Ветчина,65,69.86666666666666,0.9303435114503817
2023-1-19,Ветчина,26,69.86666666666666,0.3721374045801527
2024-3-7,Ветчина,24,69.86666666666666,0.3435114503816794
2023-4-19,Ветчина,87,69.86666666666666,1.245229007633588
2023-2-1,Ветчина,85,69.86666666666666,1.2166030534351147
2024-10-19,Ветчина,86,69.86666666666666,1.2309160305343512
2023-2-25,Ветчина,73,69.86666666666666,1.044847328244275
2024-10-13,Ветчина,87,69.86666666666666,1.245229007633588
2024-8-8,Кефир,77,57.94117647058823,1.3289340101522844
2024-2-28,Кефир,49,57.94117647058823,0.8456852791878173
2024-4-10,Кефир,70,57.94117647058823,1.2081218274111676
2024-10-21,Кефир,62,57.94117647058823,1.07005076142132
2023-7-26,Кефир,53,57.94117647058823,0.9147208121827411
2023-1-18,Кефир,39,57.94117647058823,0.6730964467005076
2023-5-9,Кефир,34,57.94117647058823,0.5868020304568529
2024-10-9,Кефир,63,57.94117647058823,1.0873096446700508
2024-8-5,Кефир,77,57.94117647058823,1.3289340101522844
2024-9-19,Кефир,32,57.94117647058823,0.5522842639593909
2023-8-19,Кефир,72,57.94117647058823,1.2426395939086294
2024-1-13,Кефир,78,57.94117647058823,1.3461928934010152
2024-6-10,Кефир,33,57.94117647058823,0.5695431472081218
2024-1-25,Кефир,66,57.94117647058823,1.1390862944162436
2024-9-17,Кефир,36,57.94117647058823,0.6213197969543147
2024-3-12,Кефир,47,57.94117647058823,0.8111675126903554
2023-4-14,Кефир,97,57.94117647058823,1.6741116751269036
2023-9-9,Томаты,11,50.411764705882355,0.21820303383897316
2024-2-14,Томаты,83,50.411764705882355,1.6464410735122519
2023-1-23,Томаты,31,50.411764705882355,0.6149358226371061
2023-7-3,Томаты,60,50.411764705882355,1.190198366394399
2024-8-25,Томаты,82,50.411764705882355,1.6266044340723453
2023-5-8,Томаты,32,50.411764705882355,0.6347724620770128
2023-10-17,Томаты,7,50.411764705882355,0.13885647607934656
2023-6-24,Томаты,64,50.411764705882355,1.2695449241540255
2023-9-23,Томаты,68,50.411764705882355,1.3488914819136522
2024-10-13,Томаты,36,50.411764705882355,0.7141190198366394
2024-7-4,Томаты,52,50.411764705882355,1.0315052508751459
2023-8-2,Томаты,80,50.411764705882355,1.586931155192532
2023-10-26,Томаты,21,50.411764705882355,0.41656942823803966
2024-4-11,Томаты,48,50.411764705882355,0.9521586931155193
2024-7-27,Томаты,87,50.411764705882355,1.7257876312718785
2024-3-21,Томаты,16,50.411764705882355,0.3173862310385064
2023-10-22,Томаты,79,50.411764705882355,1.5670945157526255
2023-10-11,Редька,42,43.05882352941177,0.9754098360655737
2024-10-15,Редька,24,43.05882352941177,0.5573770491803278
2023-7-14,Редька,13,43.05882352941177,0.30191256830601093
2023-8-28,Редька,82,43.05882352941177,1.9043715846994533
2024-7-10,Редька,82,43.05882352941177,1.9043715846994533
2024-6-15,Редька,24,43.05882352941177,0.5573770491803278
2024-3-9,Редька,85,43.05882352941177,1.9740437158469943
2024-1-11,Редька,5,43.05882352941177,0.11612021857923496
2024-8-14,Редька,26,43.05882352941177,0.6038251366120219
2024-9-16,Редька,8,43.05882352941177,0.18579234972677594
2024-2-18,Редька,70,43.05882352941177,1.6256830601092895
2024-7-27,Редька,65,43.05882352941177,1.5095628415300546
2024-11-17,Редька,26,43.05882352941177,0.6038251366120219
2024-4-23,Редька,47,43.05882352941177,1.0915300546448086
2023-8-11,Редька,10,43.05882352941177,0.23224043715846993
2023-4-16,Редька,87,43.05882352941177,2.0204918032786883
2024-11-17,Редька,36,43.05882352941177,0.8360655737704917
2023-7-16,Гречка,95,58.666666666666664,1.6193181818181819
2023-7-20,Гречка,81,58.666666666666664,1.3806818181818183
2023-6-28,Гречка,79,58.666666666666664,1.3465909090909092
2023-10-23,Гречка,65,58.666666666666664,1.1079545454545454
2024-9-6,Гречка,92,58.666666666666664,1.5681818181818183
2024-3-7,Гречка,56,58.666666666666664,0.9545454545454546
2024-6-8,Гречка,90,58.666666666666664,1.5340909090909092
2023-1-5,Гречка,0,58.666666666666664,0.0
2024-9-9,Гречка,54,58.666666666666664,0.9204545454545455
2024-8-14,Гречка,69,58.666666666666664,1.1761363636363638
2023-10-15,Гречка,19,58.666666666666664,0.32386363636363635
2024-10-10,Гречка,82,58.666666666666664,1.3977272727272727
2023-6-9,Гречка,5,58.666666666666664,0.08522727272727273
2023-11-9,Гречка,38,58.666666666666664,0.6477272727272727
2024-11-26,Гречка,32,58.666666666666664,0.5454545454545455
2024-10-17,Гречка,91,58.666666666666664,1.5511363636363638
2023-8-20,Гречка,21,58.666666666666664,0.35795454545454547
2024-11-28,Гречка,23,58.666666666666664,0.3920454545454546
2024-3-2,Гречка,61,58.666666666666664,1.0397727272727273
2024-1-16,Гречка,29,58.666666666666664,0.4943181818181818
2024-10-3,Гречка,14,58.666666666666664,0.23863636363636365
2024-7-22,Гречка,80,58.666666666666664,1.3636363636363638
2024-1-23,Гречка,72,58.666666666666664,1.2272727272727273
2024-9-22,Гречка,73,58.666666666666664,1.2443181818181819
2024-9-17,Гречка,85,58.666666666666664,1.4488636363636365
2024-11-6,Гречка,84,58.666666666666664,1.4318181818181819
2024-6-19,Гречка,94,58.666666666666664,1.6022727272727273
2024-9-27,Белокочанная капуста,58,46.833333333333336,1.2384341637010676
2023-2-4,Белокочанная капуста,62,46.833333333333336,1.3238434163701067
2023-9-4,Белокочанная капуста,53,46.833333333333336,1.1316725978647686
2023-11-13,Белокочанная капуста,9,46.833333333333336,0.19217081850533807
2023-9-6,Белокочанная капуста,22,46.833333333333336,0.4697508896797153
2024-10-20,Белокочанная капуста,2,46.833333333333336,0.042704626334519574
2024-5-27,Белокочанная капуста,35,46.833333333333336,0.7473309608540925
2024-7-14,Белокочанная капуста,32,46.833333333333336,0.6832740213523132
2024-4-6,Белокочанная капуста,94,46.833333333333336,2.0071174377224197
2024-10-27,Белокочанная капуста,95,46.833333333333336,2.0284697508896796
2023-11-25,Белокочанная капуста,78,46.833333333333336,1.6654804270462633
2023-6-1,Белокочанная капуста,22,46.833333333333336,0.4697508896797153
2023-11-3,Огурцы,0,40.75,0.0
2023-1-21,Огурцы,73,40.75,1.7914110429447854
2024-9-14,Огурцы,82,40.75,2.0122699386503067
2023-7-28,Огурцы,94,40.75,2.3067484662576687
2023-8-16,Огурцы,50,40.75,1.2269938650306749
2024-4-13,Огурцы,9,40.75,0.22085889570552147
2023-9-1,Огурцы,30,40.75,0.7361963190184049
2024-2-21,Огурцы,9,40.75,0.22085889570552147
2024-1-19,Огурцы,57,40.75,1.3987730061349692
2023-10-11,Огурцы,21,40.75,0.5153374233128835
2023-11-16,Огурцы,16,40.75,0.39263803680981596
2024-10-2,Огурцы,51,40.75,1.2515337423312884
2023-10-9,Огурцы,6,40.75,0.147239263803681
2024-4-19,Огурцы,50,40.75,1.2269938650306749
2023-7-1,Огурцы,73,40.75,1.7914110429447854
2023-10-26,Огурцы,89,40.75,2.184049079754601
2024-1-11,Огурцы,20,40.75,0.49079754601226994
2023-5-28,Огурцы,28,40.75,0.6871165644171779
2024-6-10,Огурцы,8,40.75,0.19631901840490798
2023-7-18,Огурцы,49,40.75,1.2024539877300613
2024-9-20,Огурцы,53,40.75,1.3006134969325154
2024-10-13,Огурцы,8,40.75,0.19631901840490798
2023-10-13,Огурцы,74,40.75,1.8159509202453987
2023-9-22,Огурцы,28,40.75,0.6871165644171779
2023-5-15,Бекон,80,38.42857142857143,2.0817843866171004
2024-11-8,Бекон,72,38.42857142857143,1.8736059479553901
2024-4-27,Бекон,42,38.42857142857143,1.0929368029739777
2024-7-13,Бекон,14,38.42857142857143,0.3643122676579926
2023-8-24,Бекон,44,38.42857142857143,1.1449814126394051
2024-1-10,Бекон,3,38.42857142857143,0.07806691449814127
2024-4-26,Бекон,14,38.42857142857143,0.3643122676579926
2023-4-18,Перец сладкий,38,53.333333333333336,0.7125
2024-4-2,Перец сладкий,58,53.333333333333336,1.0875
2023-6-28,Перец сладкий,10,53.333333333333336,0.1875
2023-10-6,Перец сладкий,84,53.333333333333336,1.575
2024-8-25,Перец сладкий,63,53.333333333333336,1.18125
2023-1-5,Перец сладкий,80,53.333333333333336,1.5
2024-2-2,Перец сладкий,24,53.333333333333336,0.44999999999999996
2023-10-5,Перец сладкий,83,53.333333333333336,1.55625
2024-2-17,Перец сладкий,24,53.333333333333336,0.44999999999999996
2024-3-4,Перец сладкий,29,53.333333333333336,0.54375
2023-4-19,Перец сладкий,62,53.333333333333336,1.1624999999999999
2024-7-22,Перец сладкий,85,53.333333333333336,1.59375
2024-8-20,Сникерс,87,60.611111111111114,1.4353803849679192
2023-7-11,Сникерс,28,60.611111111111114,0.46196150320806595
2023-7-11,Сникерс,78,60.611111111111114,1.2868927589367551
2024-7-1,Сникерс,53,60.611111111111114,0.8744271310724105
2023-1-25,Сникерс,59,60.611111111111114,0.9734188817598532
2024-10-24,Сникерс,34,60.611111111111114,0.5609532538955087
2024-4-7,Сникерс,96,60.611111111111114,1.5838680109990833
2023-11-2,Сникерс,66,60.611111111111114,1.0889092575618697
2023-11-22,Сникерс,58,60.611111111111114,0.9569202566452795
2023-2-13,Сникерс,29,60.611111111111114,0.47846012832263973
2024-7-21,Сникерс,78,60.611111111111114,1.2868927589367551
2023-1-10,Сникерс,54,60.611111111111114,0.8909257561869843
2024-11-28,Сникерс,75,60.611111111111114,1.2373968835930338
2024-5-9,Сникерс,71,60.611111111111114,1.1714023831347387
2024-8-20,Сникерс,90,60.611111111111114,1.4848762603116406
2023-4-26,Сникерс,99,60.611111111111114,1.6333638863428046
2023-4-25,Сникерс,9,60.611111111111114,0.14848762603116406
2024-11-16,Сникерс,27,60.611111111111114,0.44546287809349217
2024-8-1,Свекла,60,41.92857142857143,1.4310051107325383
2023-4-2,Свекла,49,41.92857142857143,1.1686541737649063
2024-7-15,Свекла,77,41.92857142857143,1.836456558773424
2023-6-2,Свекла,56,41.92857142857143,1.3356047700170357
2024-10-28,Свекла,33,41.92857142857143,0.787052810902896
2024-3-10,Свекла,23,41.92857142857143,0.5485519591141397
2024-5-6,Свекла,29,41.92857142857143,0.6916524701873935
2023-7-8,Свекла,38,41.92857142857143,0.9063032367972742
2024-4-22,Свекла,23,41.92857142857143,0.5485519591141397
2023-9-12,Свекла,38,41.92857142857143,0.9063032367972742
2023-3-17,Свекла,52,41.92857142857143,1.240204429301533
2023-7-25,Свекла,90,41.92857142857143,2.1465076660988074
2024-8-5,Свекла,18,41.92857142857143,0.4293015332197615
2023-4-10,Свекла,1,41.92857142857143,0.023850085178875637
2023-11-19,Мясо,72,56.07692307692308,1.2839506172839505
2023-9-9,Мясо,2,56.07692307692308,0.03566529492455418
2024-9-18,Мясо,89,56.07692307692308,1.587105624142661
2024-10-5,Мясо,74,56.07692307692308,1.3196159122085047
2023-6-5,Мясо,69,56.07692307692308,1.2304526748971192
2024-6-9,Мясо,1,56.07692307692308,0.01783264746227709
2023-9-23,Мясо,64,56.07692307692308,1.1412894375857339
2024-6-12,Мясо,66,56.07692307692308,1.176954732510288
2024-3-18,Мясо,31,56.07692307692308,0.5528120713305898
2024-2-5,Мясо,78,56.07692307692308,1.390946502057613
2023-4-26,Мясо,82,56.07692307692308,1.4622770919067214
2024-1-3,Мясо,90,56.07692307692308,1.604938271604938
2023-9-26,Мясо,11,56.07692307692308,0.196159122085048
2023-10-5,Укроп,21,44.09090909090909,0.4762886597938144
2024-9-25,Укроп,92,44.09090909090909,2.0865979381443296
2023-9-2,Укроп,46,44.09090909090909,1.0432989690721648
2024-11-13,Укроп,34,44.09090909090909,0.7711340206185566
2024-5-19,Укроп,18,44.09090909090909,0.40824742268041236
2024-3-24,Укроп,62,44.09090909090909,1.4061855670103092
2023-6-25,Укроп,28,44.09090909090909,0.6350515463917525
2024-6-15,Укроп,71,44.09090909090909,1.6103092783505153
2023-11-6,Укроп,60,44.09090909090909,1.360824742268041
2023-6-23,Укроп,12,44.09090909090909,0.2721649484536082
2024-4-15,Укроп,41,44.09090909090909,0.9298969072164948
2023-5-17,Петрушка,16,52.1764705882353,0.30665163472378804
2024-3-18,Петрушка,9,52.1764705882353,0.17249154453213078
2023-6-1,Петрушка,30,52.1764705882353,0.5749718151071026
2023-3-9,Петрушка,99,52.1764705882353,1.8974069898534385
2023-3-5,Петрушка,13,52.1764705882353,0.24915445321307778
2024-10-6,Петрушка,40,52.1764705882353,0.7666290868094701
2023-8-1,Петрушка,30,52.1764705882353,0.5749718151071026
2024-9-21,Петрушка,69,52.1764705882353,1.3224351747463359
2024-4-12,Петрушка,98,52.1764705882353,1.8782412626832017
2024-1-6,Петрушка,94,52.1764705882353,1.8015783540022547
2024-3-21,Петрушка,74,52.1764705882353,1.4182638105975196
2024-4-25,Петрушка,32,52.1764705882353,0.6133032694475761
2024-11-9,Петрушка,99,52.1764705882353,1.8974069898534385
2024-10-13,Петрушка,47,52.1764705882353,0.9007891770011274
2023-2-15,Петрушка,98,52.1764705882353,1.8782412626832017
2024-11-22,Петрушка,13,52.1764705882353,0.24915445321307778
2023-4-16,Петрушка,26,52.1764705882353,0.49830890642615555
2024-2-1,Соль,68,53.93333333333333,1.2608158220024723
2024-7-25,Соль,13,53.93333333333333,0.24103831891223734
2024-5-23,Соль,50,53.93333333333333,0.927070457354759
2023-11-2,Соль,57,53.93333333333333,1.0568603213844252
2023-10-27,Соль,58,53.93333333333333,1.0754017305315204
2024-9-6,Соль,81,53.93333333333333,1.5018541409147097
2023-6-14,Соль,68,53.93333333333333,1.2608158220024723
2024-8-10,Соль,39,53.93333333333333,0.723114956736712
2023-3-28,Соль,63,53.93333333333333,1.1681087762669964
2024-6-19,Соль,81,53.93333333333333,1.5018541409147097
2024-2-23,Соль,94,53.93333333333333,1.7428924598269468
2024-8-19,Соль,11,53.93333333333333,0.203955500618047
2023-6-27,Соль,95,53.93333333333333,1.761433868974042
2023-4-13,Соль,21,53.93333333333333,0.3893695920889988
2024-10-18,Соль,10,53.93333333333333,0.1854140914709518
2024-5-16,Хлеб,18,47.333333333333336,0.38028169014084506
2023-8-14,Хлеб,18,47.333333333333336,0.38028169014084506
2023-3-13,Хлеб,98,47.333333333333336,2.0704225352112675
2023-7-25,Хлеб,5,47.333333333333336,0.1056338028169014
2023-1-14,Хлеб,69,47.333333333333336,1.4577464788732393
2024-6-11,Хлеб,49,47.333333333333336,1.0352112676056338
2024-9-17,Хлеб,44,47.333333333333336,0.9295774647887324
2024-2-20,Хлеб,23,47.333333333333336,0.48591549295774644
2023-3-17,Хлеб,37,47.333333333333336,0.7816901408450704
2023-11-8,Хлеб,75,47.333333333333336,1.584507042253521
2023-8-25,Хлеб,50,47.333333333333336,1.056338028169014
2023-6-18,Хлеб,75,47.333333333333336,1.584507042253521
2023-11-8,Хлеб,48,47.333333333333336,1.0140845070422535
2023-11-22,Хлеб,95,47.333333333333336,2.0070422535211265
2023-11-5,Хлеб,60,47.333333333333336,1.2676056338028168
2024-8-5,Хлеб,21,47.333333333333336,0.4436619718309859
2024-3-22,Хлеб,5,47.333333333333336,0.1056338028169014
2023-8-2,Хлеб,15,47.333333333333336,0.3169014084507042
2024-3-17,Хлеб,52,47.333333333333336,1.0985915492957745
2023-1-28,Хлеб,58,47.333333333333336,1.2253521126760563
2024-8-7,Хлеб,79,47.333333333333336,1.6690140845070423
2024-9-21,Вишня,19,35.53333333333333,0.5347091932457786
2023-8-1,Вишня,27,35.53333333333333,0.7598499061913696
2024-7-2,Вишня,7,35.53333333333333,0.19699812382739212
2023-8-10,Вишня,33,35.53333333333333,0.928705440900563
2023-5-17,Вишня,50,35.53333333333333,1.4071294559099439
2024-3-9,Вишня,59,35.53333333333333,1.6604127579737338
2024-11-12,Вишня,99,35.53333333333333,2.7861163227016887
2023-2-23,Вишня,12,35.53333333333333,0.3377110694183865
2024-2-10,Вишня,59,35.53333333333333,1.6604127579737338
2024-5-18,Вишня,24,35.53333333333333,0.675422138836773
2024-5-12,Вишня,29,35.53333333333333,0.8161350844277674
2024-9-15,Вишня,21,35.53333333333333,0.5909943714821764
2024-3-22,Вишня,17,35.53333333333333,0.47842401500938087
2023-10-12,Вишня,52,35.53333333333333,1.4634146341463414
2023-10-8,Вишня,25,35.53333333333333,0.7035647279549719
2023-6-1,Картошка,18,34.63157894736842,0.5197568389057752
2024-8-18,Картошка,39,34.63157894736842,1.1261398176291795
2024-1-25,Картошка,11,34.63157894736842,0.317629179331307
2023-8-2,Картошка,31,34.63157894736842,0.8951367781155016
2024-7-17,Картошка,5,34.63157894736842,0.14437689969604864
2024-9-8,Картошка,42,34.63157894736842,1.2127659574468086
2024-11-11,Картошка,73,34.63157894736842,2.1079027355623103
2023-3-3,Картошка,6,34.63157894736842,0.17325227963525838
2023-11-4,Картошка,70,34.63157894736842,2.021276595744681
2023-11-21,Картошка,69,34.63157894736842,1.9924012158054714
2023-6-25,Картошка,36,34.63157894736842,1.0395136778115504
2024-5-8,Картошка,28,34.63157894736842,0.8085106382978724
2024-9-28,Картошка,67,34.63157894736842,1.9346504559270519
2023-10-17,Картошка,80,34.63157894736842,2.310030395136778
2023-3-22,Картошка,1,34.63157894736842,0.02887537993920973
2024-1-22,Картошка,22,34.63157894736842,0.635258358662614
2024-9-26,Картошка,38,34.63157894736842,1.0972644376899696
2024-1-8,Картошка,21,34.63157894736842,0.6063829787234043
2024-10-10,Картошка,1,34.63157894736842,0.02887537993920973
2024-8-9,Масло,47,46.6,1.0085836909871244
2024-9-10,Масло,70,46.6,1.502145922746781
2024-1-17,Масло,51,46.6,1.094420600858369
2023-3-5,Масло,78,46.6,1.6738197424892702
2024-10-11,Масло,84,46.6,1.8025751072961373
2023-6-11,Масло,51,46.6,1.094420600858369
2023-4-4,Масло,50,46.6,1.0729613733905579
2024-1-25,Масло,18,46.6,0.38626609442060084
2023-5-12,Масло,54,46.6,1.1587982832618025
2024-5-16,Масло,46,46.6,0.9871244635193133
2024-1-26,Масло,7,46.6,0.1502145922746781
2024-11-20,Масло,46,46.6,0.9871244635193133
2023-1-1,Масло,37,46.6,0.7939914163090128
2023-5-14,Масло,25,46.6,0.5364806866952789
2023-6-4,Масло,35,46.6,0.7510729613733905
2023-1-17,Капуста,57,42.80952380952381,1.3314794215795327
2024-9-11,Капуста,82,42.80952380952381,1.9154616240266964
2023-5-18,Капуста,62,42.80952380952381,1.4482758620689655
2023-10-21,Капуста,31,42.80952380952381,0.7241379310344828
2024-1-16,Капуста,52,42.80952380952381,1.2146829810901
2024-6-3,Капуста,18,42.80952380952381,0.42046718576195774
2023-9-24,Капуста,43,42.80952380952381,1.0044493882091212
2023-3-27,Капуста,93,42.80952380952381,2.1724137931034484
2023-9-12,Капуста,3,42.80952380952381,0.07007786429365961
2023-2-7,Капуста,49,42.80952380952381,1.1446051167964404
2024-9-26,Капуста,96,42.80952380952381,2.2424916573971077
2023-11-28,Капуста,30,42.80952380952381,0.7007786429365962
2023-11-28,Капуста,6,42.80952380952381,0.14015572858731923
2023-3-17,Капуста,42,42.80952380952381,0.9810901001112347
2024-11-28,Капуста,17,42.80952380952381,0.3971078976640712
2023-11-15,Капуста,46,42.80952380952381,1.074527252502781
2023-9-19,Капуста,14,42.80952380952381,0.3270300333704116
2024-10-1,Капуста,22,42.80952380952381,0.5139043381535039
2023-3-8,Капуста,21,42.80952380952381,0.4905450500556173
2023-3-20,Капуста,33,42.80952380952381,0.7708565072302558
2023-5-18,Капуста,82,42.80952380952381,1.9154616240266964
2024-4-14,Огурец,4,40.5,0.09876543209876543
2023-11-15,Огурец,90,40.5,2.2222222222222223
2023-11-28,Огурец,74,40.5,1.8271604938271604
2024-2-24,Огурец,6,40.5,0.14814814814814814
2024-5-19,Огурец,8,40.5,0.19753086419753085
2024-11-8,Огурец,63,40.5,1.5555555555555556
2024-11-5,Огурец,14,40.5,0.345679012345679
2024-8-26,Огурец,95,40.5,2.345679012345679
2023-3-26,Огурец,71,40.5,1.7530864197530864
2023-1-3,Огурец,26,40.5,0.6419753086419753
2024-10-26,Огурец,34,40.5,0.8395061728395061
2024-3-2,Огурец,1,40.5,0.024691358024691357
